claim_id,policy_id,customer_id,claim_date_key,claim_type,claim_status,claim_amount,incurred_date,settled_date
1,1678,1298,20260217,Flight Delay,Paid,561.53,2026-02-17,2026-03-21
2,4274,1535,20250809,Theft,Paid,1191.95,2025-08-09,2025-08-16
3,3282,2021,20260425,Windscreen,Paid,7514.49,2026-04-25,2026-05-19
4,2683,2009,20221231,Collision,Rejected,841.42,2022-12-31,
5,704,952,20221227,Water Damage,Rejected,5463.74,2022-12-27,
6,704,952,20220914,Fire,Open,1430.57,2022-09-14,
7,264,2593,20240520,Theft,Rejected,536.09,2024-05-20,
8,3887,1677,20220112,Fire,Rejected,3874.16,2022-01-12,
9,2694,2177,20230410,Fire,Open,13681.89,2023-04-10,
10,3178,2134,20260722,Windscreen,Open,1916.63,2026-07-22,
11,96,2901,20210624,Baggage Loss,Paid,2106.36,2021-06-24,2021-07-22
12,4361,1588,20241215,Theft,Rejected,7617.2,2024-12-15,
13,3728,2554,20260202,Windscreen,Approved,1707.95,2026-02-02,2026-03-06
14,945,2284,20240703,Water Damage,Approved,6058.15,2024-07-03,2024-08-09
15,815,2811,20221101,Theft,Paid,6599.86,2022-11-01,2022-11-26
16,822,1945,20231103,Windscreen,Approved,7619.67,2023-11-03,2023-11-22
17,1360,867,20211108,Theft,Paid,5265.82,2021-11-08,2021-12-05
18,2356,753,20240907,Water Damage,Paid,2537.36,2024-09-07,2024-09-18
19,1938,397,20260209,Collision,Approved,3837.54,2026-02-09,2026-03-16
20,1304,2264,20251003,Windscreen,Paid,2822.49,2025-10-03,2025-10-11
21,2744,834,20220531,Collision,Open,7202.06,2022-05-31,
22,630,1969,20231130,Collision,Open,1591.47,2023-11-30,
23,1307,2083,20261011,Windscreen,Paid,318.69,2026-10-11,2026-10-26
24,1642,1620,20241210,Windscreen,Paid,2275.99,2024-12-10,2024-12-17
25,2047,1773,20250131,Storm Damage,Paid,22403.3,2025-01-31,2025-02-26
26,3520,1447,20240413,Storm Damage,Rejected,3890.99,2024-04-13,
27,891,1812,20240123,Collision,Paid,3986.96,2024-01-23,2024-02-01
28,2309,450,20261227,Theft,Paid,17295.62,2026-12-27,2027-01-18
29,2655,1530,20211007,Fire,Paid,2858.13,2021-10-07,2021-11-19
30,210,1351,20240710,Water Damage,Rejected,5323.53,2024-07-10,
31,2724,2052,20250904,Theft,Rejected,2481.9,2025-09-04,
32,766,433,20210813,Collision,Paid,3338.87,2021-08-13,2021-09-13
33,296,2515,20230423,Theft,Paid,5940.5,2023-04-23,2023-05-09
34,4266,190,20260625,Fire,Approved,5089.68,2026-06-25,2026-07-03
35,4342,1093,20220607,Windscreen,Paid,1241.19,2022-06-07,2022-06-14
36,3624,794,20220904,Theft,Paid,5858.39,2022-09-04,2022-09-07
37,1362,43,20251218,Windscreen,Paid,1180.33,2025-12-18,2026-01-30
38,445,1122,20240219,Collision,Open,5876.02,2024-02-19,
39,3071,2881,20220424,Trip Cancellation,Rejected,271.72,2022-04-24,
40,1976,1196,20230818,Collision,Approved,7654.86,2023-08-18,2023-08-28
41,552,648,20230126,Theft,Paid,4770.6,2023-01-26,2023-02-01
42,2224,1594,20230515,Storm Damage,Paid,22477.28,2023-05-15,2023-06-08
43,157,1734,20261220,Fire,Paid,668.59,2026-12-20,2027-01-14
44,4086,1011,20230206,Storm Damage,Approved,17188.28,2023-02-06,2023-02-22
45,1158,1071,20240903,Theft,Paid,6642.96,2024-09-03,2024-10-09
46,2970,2370,20240928,Collision,Open,1498.89,2024-09-28,
47,1393,2349,20270303,Collision,Paid,4035.39,2027-03-03,2027-03-23
48,2335,2906,20261004,Windscreen,Approved,3808.68,2026-10-04,2026-11-03
49,2452,1947,20230117,Windscreen,Paid,7708.27,2023-01-17,2023-02-02
50,828,2496,20250906,Windscreen,Approved,3504.9,2025-09-06,2025-09-15
51,4359,2900,20220111,Theft,Paid,8661.1,2022-01-11,2022-02-24
52,3477,2935,20220123,Medical,Paid,2849.95,2022-01-23,2022-03-04
53,4222,1676,20260324,Windscreen,Open,5496.51,2026-03-24,
54,4015,2451,20230120,Water Damage,Approved,3753.23,2023-01-20,2023-01-30
55,2679,771,20260731,Windscreen,Open,5147.96,2026-07-31,
56,4143,2298,20260913,Windscreen,Paid,4379.77,2026-09-13,2026-10-28
57,402,525,20261228,Fire,Open,6270.76,2026-12-28,
58,876,477,20230202,Windscreen,Open,7770.99,2023-02-02,
59,205,2023,20210313,Windscreen,Paid,3815.06,2021-03-13,2021-03-23
60,1449,2286,20250221,Water Damage,Approved,9578.94,2025-02-21,2025-03-12
61,1745,736,20260721,Fire,Paid,6854.99,2026-07-21,2026-08-05
62,1213,2177,20220508,Windscreen,Paid,5372.38,2022-05-08,2022-06-05
63,3713,108,20210804,Water Damage,Open,18373.97,2021-08-04,
64,4760,471,20260621,Trip Cancellation,Paid,2694.15,2026-06-21,2026-08-03
65,1258,807,20241127,Theft,Open,3643.63,2024-11-27,
66,2434,2228,20260603,Fire,Paid,3642.92,2026-06-03,2026-07-02
67,4927,429,20221209,Fire,Paid,4580.77,2022-12-09,2023-01-20
68,3598,2650,20261007,Windscreen,Approved,3322.6,2026-10-07,2026-10-23
69,340,569,20221211,Windscreen,Paid,7754.72,2022-12-11,2023-01-13
70,4440,388,20250103,Collision,Approved,6133.95,2025-01-03,2025-02-13
71,3462,2077,20230309,Water Damage,Approved,12997.38,2023-03-09,2023-03-24
72,886,1282,20260311,Theft,Open,7090.16,2026-03-11,
73,26,1758,20250224,Theft,Paid,13375.69,2025-02-24,2025-03-14
74,3655,1690,20230224,Fire,Paid,9871.49,2023-02-24,2023-03-22
75,3172,349,20220217,Baggage Loss,Paid,1272.8,2022-02-17,2022-02-25
76,3267,467,20241224,Fire,Approved,1456.11,2024-12-24,2025-01-21
77,3456,2867,20211021,Storm Damage,Rejected,23160.34,2021-10-21,
78,337,1468,20270120,Theft,Rejected,2616.14,2027-01-20,
79,1602,1149,20261019,Baggage Loss,Open,843.93,2026-10-19,
80,524,57,20211007,Windscreen,Rejected,849.61,2021-10-07,
81,3872,2011,20220502,Storm Damage,Paid,8672.4,2022-05-02,2022-06-12
82,2792,747,20250111,Fire,Paid,6046.82,2025-01-11,2025-01-30
83,1474,2907,20240922,Windscreen,Paid,2802.42,2024-09-22,2024-10-15
84,290,184,20210210,Theft,Paid,772.48,2021-02-10,2021-02-22
85,1388,2014,20240222,Windscreen,Approved,4566.78,2024-02-22,2024-03-29
86,1448,2420,20241028,Windscreen,Paid,7032.77,2024-10-28,2024-11-03
87,3270,462,20230112,Theft,Approved,385.65,2023-01-12,2023-02-17
88,2855,2130,20211221,Water Damage,Paid,17849.45,2021-12-21,2022-01-04
89,3979,570,20210810,Windscreen,Rejected,7040.38,2021-08-10,
90,2119,2020,20240130,Fire,Paid,555.9,2024-01-30,2024-03-10
91,539,2857,20240415,Fire,Open,6992.19,2024-04-15,
92,3202,1690,20220407,Theft,Approved,3149.57,2022-04-07,2022-05-15
93,3412,94,20250530,Collision,Paid,4867.03,2025-05-30,2025-06-03
94,2515,1585,20220301,Windscreen,Paid,5588.27,2022-03-01,2022-03-18
95,3455,2325,20210619,Windscreen,Approved,5392.7,2021-06-19,2021-07-03
96,2219,1511,20261229,Theft,Approved,907.87,2026-12-29,2027-01-08
97,2347,2572,20240111,Fire,Rejected,3086.4,2024-01-11,
98,1920,1075,20231226,Fire,Paid,5885.11,2023-12-26,2024-01-10
99,117,6,20250706,Fire,Approved,10740.83,2025-07-06,2025-08-07
100,491,1771,20260109,Theft,Rejected,7368.19,2026-01-09,
101,144,1834,20210525,Theft,Paid,1631.13,2021-05-25,2021-06-29
102,2850,2584,20211111,Theft,Open,23819.15,2021-11-11,
103,1404,2867,20240118,Windscreen,Paid,3124.84,2024-01-18,2024-01-22
104,2283,2653,20260220,Windscreen,Paid,7057.97,2026-02-20,2026-03-20
105,4078,1833,20221127,Windscreen,Paid,6427.97,2022-11-27,2022-12-24
106,1115,2818,20250410,Theft,Rejected,5872.69,2025-04-10,
107,1843,1812,20220808,Theft,Paid,19575.52,2022-08-08,2022-09-15
108,3390,2665,20250617,Theft,Rejected,6387.88,2025-06-17,
109,1018,718,20260906,Fire,Approved,7036.61,2026-09-06,2026-10-14
110,351,141,20220923,Collision,Approved,3319.35,2022-09-23,2022-10-02
111,1298,330,20260210,Theft,Rejected,4335.84,2026-02-10,
112,726,449,20220910,Collision,Paid,2649.28,2022-09-10,2022-09-25
113,4177,2782,20250709,Storm Damage,Open,2714.98,2025-07-09,
114,3623,2793,20240217,Collision,Rejected,3570.92,2024-02-17,
115,2837,242,20230310,Storm Damage,Rejected,593.86,2023-03-10,
116,3911,1015,20250712,Theft,Paid,7189.55,2025-07-12,2025-07-31
117,3605,1689,20230426,Windscreen,Rejected,612.96,2023-04-26,
118,836,1421,20250829,Fire,Paid,4646.97,2025-08-29,2025-09-01
119,4003,2319,20260115,Fire,Approved,5926.66,2026-01-15,2026-02-15
120,2419,2338,20241220,Theft,Paid,14704.6,2024-12-20,2025-01-08
121,3621,1275,20230201,Collision,Open,5981.04,2023-02-01,
122,4021,2811,20220804,Flight Delay,Paid,1592.0,2022-08-04,2022-08-01
123,1420,2999,20270128,Fire,Paid,7749.09,2027-01-28,2027-02-19
124,499,141,20211024,Fire,Approved,4006.1,2021-10-24,2021-10-19
125,1014,1551,20210919,Theft,Paid,17498.52,2021-09-19,2021-09-26
126,1918,1884,20260422,Water Damage,Approved,14849.63,2026-04-22,2026-05-05
127,3666,498,20241222,Fire,Paid,15769.55,2024-12-22,2025-02-03
128,3862,1127,20261103,Windscreen,Approved,5650.4,2026-11-03,2026-11-06
129,31,810,20220309,Collision,Approved,6289.44,2022-03-09,2022-03-26
130,2292,128,20241227,Windscreen,Rejected,3873.39,2024-12-27,
131,1876,766,20230102,Windscreen,Paid,5304.88,2023-01-02,2023-01-11
132,987,1804,20230108,Windscreen,Paid,1280.97,2023-01-08,2023-02-12
133,541,1200,20211225,Flight Delay,Rejected,2473.18,2021-12-25,
134,1504,62,20261116,Theft,Paid,6273.19,2026-11-16,2026-12-10
135,4238,1188,20250903,Fire,Paid,4535.33,2025-09-03,2025-09-30
136,1441,313,20241005,Collision,Paid,3147.71,2024-10-05,2024-11-05
137,2328,2018,20250704,Collision,Paid,7667.52,2025-07-04,2025-07-14
138,3155,1726,20230327,Theft,Paid,2623.55,2023-03-27,2023-04-22
139,1629,362,20260506,Fire,Paid,2546.27,2026-05-06,2026-06-11
140,4368,1759,20240213,Water Damage,Paid,6931.09,2024-02-13,2024-03-27
141,4326,806,20251123,Fire,Paid,3195.59,2025-11-23,2025-12-01
142,1126,244,20250722,Theft,Paid,5610.29,2025-07-22,2025-08-29
143,2233,2015,20251214,Windscreen,Approved,797.19,2025-12-14,2025-12-21
144,1346,1596,20260516,Fire,Open,20194.47,2026-05-16,
145,1276,1901,20220112,Fire,Open,2214.01,2022-01-12,
146,166,338,20250517,Storm Damage,Rejected,14281.3,2025-05-17,
147,2734,1656,20210807,Theft,Approved,1672.79,2021-08-07,2021-08-27
148,2258,2051,20220530,Theft,Paid,2208.91,2022-05-30,2022-06-06
149,234,1272,20250830,Flight Delay,Approved,2261.12,2025-08-30,2025-09-18
150,1247,1159,20220514,Medical,Paid,1774.76,2022-05-14,2022-06-17
151,4081,684,20251005,Fire,Approved,2299.96,2025-10-05,2025-10-31
152,1067,1551,20210515,Theft,Approved,6971.62,2021-05-15,2021-05-28
153,654,2398,20241105,Theft,Approved,3212.13,2024-11-05,2024-11-11
154,2197,2073,20270101,Theft,Approved,10052.34,2027-01-01,2027-02-15
155,4434,50,20220505,Storm Damage,Approved,19411.33,2022-05-05,2022-05-08
156,1082,784,20220531,Theft,Paid,5666.16,2022-05-31,2022-06-11
157,3015,737,20220724,Collision,Approved,4168.43,2022-07-24,2022-08-24
158,3415,280,20260124,Windscreen,Approved,6088.26,2026-01-24,2026-02-09
159,1058,920,20210826,Windscreen,Paid,7018.23,2021-08-26,2021-09-26
160,3264,2150,20240501,Medical,Paid,2080.2,2024-05-01,2024-06-14
161,1647,1892,20260830,Theft,Open,9826.17,2026-08-30,
162,2832,1071,20231006,Theft,Approved,7070.78,2023-10-06,2023-10-17
163,2838,1646,20260711,Theft,Paid,3475.21,2026-07-11,2026-08-16
164,2405,8,20221119,Windscreen,Paid,1048.58,2022-11-19,2022-12-09
165,410,1388,20240515,Fire,Rejected,4875.84,2024-05-15,
166,3741,1365,20211202,Baggage Loss,Paid,741.59,2021-12-02,2021-12-10
167,1431,2010,20221118,Collision,Approved,6724.71,2022-11-18,2022-12-16
168,835,1693,20230123,Water Damage,Rejected,6340.81,2023-01-23,
169,185,183,20251225,Fire,Paid,17096.05,2025-12-25,2025-12-29
170,2650,1774,20231225,Fire,Paid,5175.34,2023-12-25,2023-12-28
171,3039,1148,20220308,Theft,Approved,10635.05,2022-03-08,2022-04-20
172,76,785,20260505,Water Damage,Paid,3858.49,2026-05-05,2026-06-16
173,2299,1098,20231021,Collision,Paid,3310.03,2023-10-21,2023-11-25
174,1005,561,20240809,Windscreen,Open,6592.84,2024-08-09,
175,2889,1860,20221228,Water Damage,Open,17964.79,2022-12-28,
176,781,1610,20230820,Theft,Paid,2578.77,2023-08-20,2023-09-01
177,3101,1604,20231022,Fire,Paid,12966.41,2023-10-22,2023-11-19
178,1735,1177,20251107,Fire,Rejected,6469.13,2025-11-07,
179,4210,1697,20230202,Theft,Approved,7928.16,2023-02-02,2023-02-22
180,621,82,20230731,Water Damage,Approved,4534.9,2023-07-31,2023-08-15
181,1520,2423,20221008,Collision,Paid,4893.4,2022-10-08,2022-11-05
182,515,2575,20220106,Collision,Paid,6175.46,2022-01-06,2022-02-10
183,4155,2566,20250309,Theft,Paid,5216.74,2025-03-09,2025-03-19
184,3938,465,20221001,Windscreen,Open,5782.31,2022-10-01,
185,1153,1674,20240316,Theft,Paid,16600.97,2024-03-16,2024-04-04
186,2957,2451,20230611,Trip Cancellation,Paid,1460.32,2023-06-11,2023-06-22
187,3663,2312,20250129,Storm Damage,Rejected,20083.16,2025-01-29,
188,2489,2065,20260801,Windscreen,Paid,4983.86,2026-08-01,2026-08-15
189,2378,212,20250213,Fire,Paid,2173.91,2025-02-13,2025-03-01
190,1081,1845,20240226,Theft,Paid,6309.66,2024-02-26,2024-03-03
191,425,1104,20220330,Theft,Paid,5926.91,2022-03-30,2022-04-16
192,4026,43,20211219,Fire,Rejected,10093.92,2021-12-19,
193,4042,2360,20250106,Theft,Approved,215.36,2025-01-06,2025-02-13
194,2836,400,20230904,Fire,Paid,3967.28,2023-09-04,2023-10-04
195,1510,1694,20251031,Storm Damage,Approved,22634.63,2025-10-31,2025-12-10
196,1559,1997,20230224,Windscreen,Open,3848.9,2023-02-24,
197,3254,836,20241101,Theft,Paid,4090.77,2024-11-01,2024-11-18
198,4025,1686,20250506,Water Damage,Rejected,6279.13,2025-05-06,
199,3979,570,20220204,Windscreen,Rejected,6294.36,2022-02-04,
200,3497,578,20240426,Fire,Paid,3162.56,2024-04-26,2024-05-17
201,2876,953,20260412,Collision,Approved,1396.43,2026-04-12,2026-05-14
202,382,170,20240126,Flight Delay,Paid,506.5,2024-01-26,2024-03-07
203,728,2113,20260723,Baggage Loss,Rejected,516.9,2026-07-23,
204,4033,923,20210804,Baggage Loss,Paid,1308.74,2021-08-04,2021-09-05
205,2718,317,20260225,Fire,Open,1379.58,2026-02-25,
206,42,535,20250116,Fire,Rejected,1731.5,2025-01-16,
207,463,1730,20220311,Storm Damage,Approved,11448.61,2022-03-11,2022-04-04
208,2974,2672,20241207,Collision,Paid,536.46,2024-12-07,2025-01-02
209,23,1360,20240113,Theft,Open,6621.48,2024-01-13,
210,724,249,20230128,Collision,Approved,6326.82,2023-01-28,2023-03-04
211,2463,2087,20251119,Fire,Paid,5097.5,2025-11-19,2025-12-17
212,3105,1207,20230324,Collision,Open,2033.33,2023-03-24,
213,2919,1372,20230606,Theft,Rejected,1909.07,2023-06-06,
214,996,600,20220504,Theft,Paid,1949.98,2022-05-04,2022-05-07
215,3198,2983,20211209,Windscreen,Approved,5713.49,2021-12-09,2021-12-19
216,1057,2066,20240511,Theft,Paid,627.23,2024-05-11,2024-05-26
217,1449,2286,20250521,Water Damage,Approved,18824.83,2025-05-21,2025-05-24
218,3350,2998,20220508,Flight Delay,Paid,2220.19,2022-05-08,2022-05-26
219,2910,1031,20240530,Windscreen,Rejected,6408.77,2024-05-30,
220,3808,2680,20240201,Fire,Open,19313.2,2024-02-01,
221,2945,786,20240320,Fire,Open,1980.54,2024-03-20,
222,2547,1432,20211228,Fire,Approved,4296.43,2021-12-28,2022-01-08
223,428,2552,20220330,Water Damage,Paid,22081.29,2022-03-30,2022-05-05
224,1647,1892,20260427,Storm Damage,Approved,5385.01,2026-04-27,2026-06-03
225,1186,1070,20250305,Water Damage,Approved,926.03,2025-03-05,2025-04-03
226,1090,1089,20220520,Fire,Open,7303.04,2022-05-20,
227,4374,1363,20250813,Collision,Open,6842.49,2025-08-13,
228,1765,2414,20230623,Baggage Loss,Rejected,1658.71,2023-06-23,
229,4002,2266,20231109,Fire,Paid,6804.54,2023-11-09,2023-12-06
230,2826,1496,20250424,Collision,Paid,1136.0,2025-04-24,2025-05-14
231,3563,1030,20240111,Windscreen,Paid,5417.43,2024-01-11,2024-02-04
232,2258,2051,20220430,Windscreen,Rejected,2807.07,2022-04-30,
233,2584,1870,20261023,Collision,Paid,4298.34,2026-10-23,2026-11-01
234,2213,2897,20230716,Water Damage,Approved,560.03,2023-07-16,2023-07-30
235,873,1572,20260801,Theft,Open,3981.4,2026-08-01,
236,3240,1657,20250901,Theft,Paid,21088.43,2025-09-01,2025-09-11
237,1256,38,20211226,Theft,Open,2082.79,2021-12-26,
238,112,734,20230605,Theft,Open,2440.05,2023-06-05,
239,2890,1676,20250808,Theft,Paid,3460.0,2025-08-08,2025-08-07
240,793,82,20240125,Fire,Paid,1228.45,2024-01-25,2024-03-05
241,4225,786,20210906,Windscreen,Paid,3377.66,2021-09-06,2021-10-15
242,4288,206,20221226,Windscreen,Open,7630.61,2022-12-26,
243,4112,254,20261205,Windscreen,Paid,7193.45,2026-12-05,2027-01-05
244,1658,2953,20260924,Water Damage,Approved,6600.15,2026-09-24,2026-10-31
245,71,409,20250226,Storm Damage,Rejected,2482.14,2025-02-26,
246,4171,1084,20250830,Fire,Open,6351.36,2025-08-30,
247,1922,2132,20220401,Fire,Approved,6064.66,2022-04-01,2022-05-05
248,4346,1319,20220514,Collision,Paid,7329.8,2022-05-14,2022-06-01
249,4333,1726,20250526,Fire,Rejected,19585.09,2025-05-26,
250,3826,773,20210327,Theft,Paid,7787.05,2021-03-27,2021-04-29
251,1319,691,20211002,Water Damage,Open,18351.33,2021-10-02,
252,1728,426,20240812,Storm Damage,Approved,17019.75,2024-08-12,2024-08-19
253,3818,1433,20250103,Theft,Rejected,2678.19,2025-01-03,
254,1416,606,20230213,Theft,Paid,5074.88,2023-02-13,2023-02-28
255,762,619,20260129,Windscreen,Paid,7014.4,2026-01-29,2026-02-17
256,2497,234,20221003,Theft,Approved,22817.73,2022-10-03,2022-10-24
257,4208,497,20241227,Water Damage,Paid,7360.63,2024-12-27,2025-01-30
258,3124,76,20220114,Fire,Open,7393.07,2022-01-14,
259,2553,2200,20230622,Fire,Paid,4552.83,2023-06-22,2023-07-21
260,443,580,20240914,Theft,Open,3272.84,2024-09-14,
261,2758,1013,20231202,Collision,Open,1905.86,2023-12-02,
262,4453,1931,20250217,Water Damage,Rejected,4898.13,2025-02-17,
263,632,1339,20230110,Theft,Open,2673.76,2023-01-10,
264,2326,1683,20211129,Water Damage,Rejected,22812.57,2021-11-29,
265,3939,995,20241208,Fire,Approved,15062.69,2024-12-08,2025-01-11
266,3324,2532,20260214,Theft,Rejected,7582.39,2026-02-14,
267,3128,179,20231110,Theft,Rejected,2665.33,2023-11-10,
268,3152,2160,20211225,Medical,Open,1127.75,2021-12-25,
269,1607,1457,20240408,Water Damage,Paid,4386.17,2024-04-08,2024-05-05
270,1315,1237,20260716,Collision,Open,4941.12,2026-07-16,
271,3628,2999,20230908,Windscreen,Paid,2466.75,2023-09-08,2023-10-13
272,3631,2274,20260318,Theft,Paid,7090.17,2026-03-18,2026-04-24
273,3891,1391,20241206,Theft,Paid,2967.72,2024-12-06,2024-12-15
274,4104,1450,20250308,Water Damage,Paid,4777.08,2025-03-08,2025-03-27
275,2296,2918,20260205,Collision,Paid,1397.16,2026-02-05,2026-02-18
276,2254,1756,20260131,Fire,Approved,3562.15,2026-01-31,2026-03-17
277,3580,961,20220321,Fire,Paid,4939.77,2022-03-21,2022-04-06
278,2911,1432,20250927,Collision,Paid,4997.25,2025-09-27,2025-10-17
279,3149,279,20240212,Windscreen,Rejected,826.89,2024-02-12,
280,3568,832,20230126,Windscreen,Rejected,4337.48,2023-01-26,
281,3993,1574,20221001,Fire,Approved,4058.4,2022-10-01,2022-11-11
282,1505,864,20250214,Fire,Rejected,13981.84,2025-02-14,
283,1683,2363,20220924,Fire,Paid,12792.48,2022-09-24,2022-10-06
284,430,1031,20260811,Storm Damage,Rejected,8854.33,2026-08-11,
285,2591,2082,20260422,Windscreen,Paid,505.82,2026-04-22,2026-05-31
286,163,2044,20240531,Theft,Approved,5613.28,2024-05-31,2024-06-25
287,2090,436,20230115,Collision,Rejected,6718.15,2023-01-15,
288,2434,2228,20251223,Fire,Paid,1483.81,2025-12-23,2026-01-23
289,1283,2394,20270319,Fire,Rejected,6326.09,2027-03-19,
290,2650,1774,20240611,Theft,Paid,2823.35,2024-06-11,2024-06-22
291,139,871,20250115,Collision,Open,5364.3,2025-01-15,
292,169,2343,20220223,Water Damage,Paid,9414.54,2022-02-23,2022-03-28
293,3686,1604,20240331,Windscreen,Approved,7448.27,2024-03-31,2024-05-09
294,1611,801,20230226,Storm Damage,Paid,14477.78,2023-02-26,2023-03-01
295,576,1448,20231102,Fire,Paid,7740.82,2023-11-02,2023-12-02
296,2344,668,20221221,Fire,Approved,4257.26,2022-12-21,2023-01-21
297,3450,269,20230517,Theft,Rejected,22364.34,2023-05-17,
298,960,2190,20241217,Fire,Approved,1611.94,2024-12-17,2025-01-14
299,2791,1456,20220924,Collision,Approved,4949.29,2022-09-24,2022-10-16
300,388,2981,20240330,Collision,Rejected,3780.09,2024-03-30,
301,235,2687,20241216,Fire,Paid,12563.41,2024-12-16,2025-01-27
302,2386,1391,20230415,Fire,Paid,7249.9,2023-04-15,2023-05-13
303,2425,1360,20221229,Collision,Paid,5494.88,2022-12-29,2023-01-17
304,2855,2130,20210814,Theft,Paid,9650.9,2021-08-14,2021-09-25
305,3255,2397,20210508,Windscreen,Open,4571.15,2021-05-08,
306,4387,1658,20220510,Water Damage,Approved,20225.69,2022-05-10,2022-06-18
307,2316,319,20211024,Fire,Open,464.78,2021-10-24,
308,1440,1183,20220226,Theft,Open,7809.28,2022-02-26,
309,3565,235,20240718,Baggage Loss,Paid,2640.53,2024-07-18,2024-08-21
310,1211,1330,20240410,Storm Damage,Approved,15597.92,2024-04-10,2024-04-25
311,1970,5,20240703,Theft,Open,13541.3,2024-07-03,
312,356,1007,20251024,Theft,Paid,5837.16,2025-10-24,2025-10-27
313,117,6,20251103,Water Damage,Paid,2147.56,2025-11-03,2025-11-29
314,4328,1792,20240429,Fire,Rejected,22019.78,2024-04-29,
315,3745,11,20230902,Windscreen,Approved,3296.94,2023-09-02,2023-09-21
316,3124,76,20220216,Fire,Paid,5520.93,2022-02-16,2022-03-07
317,1837,2850,20230818,Fire,Paid,2818.82,2023-08-18,2023-09-01
318,777,706,20240906,Fire,Open,3009.26,2024-09-06,
319,706,1253,20220121,Water Damage,Open,22209.65,2022-01-21,
320,1119,1830,20250624,Collision,Approved,3521.67,2025-06-24,2025-07-31
321,2465,1656,20211210,Fire,Approved,2774.24,2021-12-10,2022-01-21
322,3207,1940,20221021,Fire,Approved,2429.49,2022-10-21,2022-11-25
323,2958,2431,20230210,Collision,Paid,3902.78,2023-02-10,2023-02-24
324,1253,1133,20241216,Theft,Approved,8053.47,2024-12-16,2025-01-08
325,4292,19,20260302,Collision,Paid,3295.24,2026-03-02,2026-04-03
326,3308,761,20240119,Windscreen,Approved,4506.5,2024-01-19,2024-02-12
327,2487,2964,20250719,Windscreen,Paid,6922.26,2025-07-19,2025-08-25
328,2744,834,20220610,Theft,Rejected,7444.92,2022-06-10,
329,1885,687,20220823,Theft,Open,2195.17,2022-08-23,
330,1108,1114,20220524,Windscreen,Open,3521.14,2022-05-24,
331,1589,2884,20210628,Windscreen,Paid,6569.96,2021-06-28,2021-07-06
332,3400,2397,20220820,Collision,Paid,4410.69,2022-08-20,2022-09-17
333,67,227,20240112,Theft,Paid,406.8,2024-01-12,2024-02-21
334,525,1039,20261207,Fire,Paid,10645.85,2026-12-07,2026-12-25
335,209,1714,20260427,Collision,Paid,3317.86,2026-04-27,2026-05-26
336,185,183,20260208,Water Damage,Approved,21572.7,2026-02-08,2026-03-19
337,3838,1615,20251005,Water Damage,Paid,12953.72,2025-10-05,2025-11-11
338,3159,2769,20250707,Water Damage,Open,16400.13,2025-07-07,
339,2127,1195,20231107,Windscreen,Paid,6837.33,2023-11-07,2023-11-19
340,446,2851,20220211,Theft,Rejected,4113.25,2022-02-11,
341,2208,2585,20230508,Fire,Approved,3551.17,2023-05-08,2023-05-11
342,2124,22,20220217,Fire,Paid,7345.7,2022-02-17,2022-03-31
343,776,1792,20230710,Collision,Paid,1382.92,2023-07-10,2023-07-14
344,1948,844,20210818,Medical,Paid,655.41,2021-08-18,2021-08-23
345,1789,1331,20260522,Collision,Paid,3838.65,2026-05-22,2026-06-20
346,2761,2644,20251002,Fire,Open,6410.02,2025-10-02,
347,4675,2712,20211003,Collision,Approved,3253.54,2021-10-03,2021-11-12
348,206,692,20240602,Fire,Rejected,6269.64,2024-06-02,
349,1678,1298,20250718,Baggage Loss,Paid,2804.79,2025-07-18,2025-08-28
350,2804,2684,20220914,Theft,Paid,1238.27,2022-09-14,2022-09-22
351,2261,272,20240802,Theft,Paid,5188.65,2024-08-02,2024-08-17
352,3842,392,20230628,Flight Delay,Approved,265.44,2023-06-28,2023-07-11
353,2950,194,20230806,Fire,Rejected,7282.78,2023-08-06,
354,734,834,20231127,Theft,Paid,1858.29,2023-11-27,2024-01-07
355,321,2332,20210702,Fire,Open,19131.49,2021-07-02,
356,2877,1624,20260515,Storm Damage,Approved,11605.02,2026-05-15,2026-05-25
357,123,1909,20221222,Fire,Paid,13549.81,2022-12-22,2023-01-19
358,2627,2387,20240623,Theft,Approved,14426.6,2024-06-23,2024-07-20
359,4225,786,20210926,Theft,Paid,942.27,2021-09-26,2021-10-28
360,2578,1888,20210809,Windscreen,Paid,6859.39,2021-08-09,2021-08-19
361,1743,2077,20250809,Theft,Approved,1003.84,2025-08-09,2025-09-05
362,2881,2969,20211208,Water Damage,Paid,11395.43,2021-12-08,2021-12-12
363,2056,1788,20220208,Storm Damage,Paid,17413.98,2022-02-08,2022-02-28
364,2447,1493,20230308,Theft,Approved,4954.42,2023-03-08,2023-03-22
365,4231,555,20240622,Theft,Rejected,7635.67,2024-06-22,
366,1732,2947,20260627,Theft,Approved,6535.32,2026-06-27,2026-07-02
367,4321,2719,20211024,Theft,Approved,7119.47,2021-10-24,2021-11-22
368,4066,976,20230323,Collision,Paid,730.6,2023-03-23,2023-05-07
369,875,135,20250516,Medical,Approved,824.52,2025-05-16,2025-06-24
370,315,1354,20261028,Windscreen,Open,1207.67,2026-10-28,
371,459,100,20231218,Theft,Rejected,6030.17,2023-12-18,
372,85,1421,20250929,Storm Damage,Open,9215.21,2025-09-29,
373,432,1733,20260913,Theft,Paid,24270.91,2026-09-13,2026-10-07
374,3066,1874,20211119,Collision,Approved,2226.36,2021-11-19,2021-12-28
375,324,1468,20260723,Fire,Rejected,3550.11,2026-07-23,
376,1424,2944,20250920,Fire,Paid,212.83,2025-09-20,2025-10-27
377,3787,1789,20260609,Fire,Paid,372.95,2026-06-09,2026-07-22
378,108,807,20210712,Collision,Paid,6475.03,2021-07-12,2021-07-24
379,3650,2031,20220226,Flight Delay,Paid,1845.82,2022-02-26,2022-04-04
380,1262,891,20260906,Windscreen,Paid,4499.6,2026-09-06,2026-09-12
381,534,920,20250308,Storm Damage,Paid,23534.05,2025-03-08,2025-04-01
382,3127,923,20240101,Theft,Open,1490.09,2024-01-01,
383,2817,2765,20250725,Windscreen,Open,6493.16,2025-07-25,
384,3939,995,20240914,Fire,Paid,8777.7,2024-09-14,2024-09-22
385,3295,1300,20221110,Theft,Paid,5036.42,2022-11-10,2022-12-21
386,3604,1041,20230930,Fire,Open,6081.67,2023-09-30,
387,1263,982,20250927,Storm Damage,Paid,6391.96,2025-09-27,2025-09-30
388,794,397,20250101,Windscreen,Paid,6118.18,2025-01-01,2024-12-22
389,3368,2524,20221201,Water Damage,Rejected,23682.67,2022-12-01,
390,3619,1740,20230127,Windscreen,Approved,844.45,2023-01-27,2023-03-13
391,4456,2420,20230829,Windscreen,Approved,3824.23,2023-08-29,2023-09-04
392,1853,2051,20210927,Collision,Paid,5559.36,2021-09-27,2021-10-12
393,1667,1874,20240711,Water Damage,Paid,9144.3,2024-07-11,2024-07-29
394,3483,2052,20241010,Theft,Paid,4556.31,2024-10-10,2024-11-01
395,1519,758,20210611,Theft,Open,6955.68,2021-06-11,
396,4183,1469,20250916,Baggage Loss,Paid,1612.01,2025-09-16,2025-10-02
397,3852,1135,20260117,Theft,Rejected,7183.96,2026-01-17,
398,1925,253,20210315,Fire,Paid,2201.57,2021-03-15,2021-04-03
399,3369,586,20220224,Collision,Rejected,2141.93,2022-02-24,
400,3386,400,20250111,Baggage Loss,Approved,2702.58,2025-01-11,2025-02-03
401,471,2427,20251209,Collision,Paid,1854.32,2025-12-09,2025-12-22
402,4054,930,20261203,Collision,Open,5598.7,2026-12-03,
403,2269,2085,20210227,Theft,Open,1898.96,2021-02-27,
404,3703,2203,20211209,Fire,Paid,20467.84,2021-12-09,2022-01-15
405,1428,966,20240619,Windscreen,Open,520.0,2024-06-19,
406,4019,2746,20211130,Collision,Paid,5886.68,2021-11-30,2021-12-04
407,1747,970,20270521,Fire,Rejected,4129.84,2027-05-21,
408,50,2845,20231202,Windscreen,Paid,1412.84,2023-12-02,2023-12-25
409,4067,661,20240915,Fire,Open,3243.16,2024-09-15,
410,416,610,20221230,Windscreen,Paid,2631.4,2022-12-30,2023-01-29
411,1425,2758,20240915,Windscreen,Paid,379.84,2024-09-15,2024-10-19
412,4271,1039,20251222,Water Damage,Paid,17743.5,2025-12-22,2026-01-17
413,4274,1535,20251227,Theft,Paid,6893.24,2025-12-27,2026-01-16
414,2569,2215,20220919,Fire,Paid,652.54,2022-09-19,2022-10-19
415,2829,493,20230322,Collision,Paid,7809.06,2023-03-22,2023-04-06
416,2014,992,20261110,Water Damage,Paid,18705.91,2026-11-10,2026-12-01
417,1313,1380,20260508,Windscreen,Open,3761.02,2026-05-08,
418,1463,1373,20261221,Theft,Approved,2176.9,2026-12-21,2026-12-31
419,3016,1855,20220923,Theft,Paid,3125.13,2022-09-23,2022-10-20
420,3376,1573,20250218,Fire,Rejected,2835.9,2025-02-18,
421,3549,2720,20241129,Theft,Paid,5127.36,2024-11-29,2024-12-31
422,3541,1767,20240220,Fire,Rejected,1898.02,2024-02-20,
423,416,610,20230711,Fire,Open,2698.19,2023-07-11,
424,2221,2956,20240904,Storm Damage,Approved,24783.13,2024-09-04,2024-10-06
425,262,2528,20221004,Fire,Open,6880.22,2022-10-04,
426,2466,1623,20240517,Windscreen,Approved,5471.71,2024-05-17,2024-05-24
427,1982,1014,20241018,Collision,Approved,5193.96,2024-10-18,2024-11-04
428,3981,629,20260821,Windscreen,Open,7995.83,2026-08-21,
429,1567,2328,20230707,Windscreen,Rejected,5172.87,2023-07-07,
430,529,2338,20240817,Fire,Approved,4350.62,2024-08-17,2024-09-01
431,647,883,20261117,Theft,Approved,736.04,2026-11-17,2026-12-19
432,3414,1145,20251126,Windscreen,Paid,3037.74,2025-11-26,2025-12-21
433,2770,2973,20251215,Fire,Paid,14125.71,2025-12-15,2026-01-06
434,461,1379,20221228,Storm Damage,Open,22156.4,2022-12-28,
435,382,170,20230703,Medical,Approved,239.19,2023-07-03,2023-08-13
436,3145,2358,20230603,Fire,Approved,7250.22,2023-06-03,2023-06-14
437,331,732,20250309,Fire,Open,4154.7,2025-03-09,
438,3683,1256,20230522,Theft,Paid,5255.5,2023-05-22,2023-06-19
439,3169,2695,20251120,Windscreen,Paid,5184.22,2025-11-20,2025-11-26
440,369,770,20270520,Storm Damage,Open,15680.95,2027-05-20,
441,385,1141,20221027,Windscreen,Paid,2272.18,2022-10-27,2022-10-30
442,4439,746,20260111,Water Damage,Paid,18400.87,2026-01-11,2026-02-08
443,1676,176,20260309,Fire,Approved,851.78,2026-03-09,2026-03-31
444,1661,2894,20230516,Theft,Approved,1550.28,2023-05-16,2023-06-30
445,3642,2572,20240424,Theft,Paid,1182.85,2024-04-24,2024-05-27
446,4257,1835,20220129,Fire,Paid,23467.51,2022-01-29,2022-02-09
447,4436,2494,20250711,Theft,Paid,12791.57,2025-07-11,2025-07-26
448,3380,1317,20250920,Fire,Open,8217.03,2025-09-20,
449,1687,256,20251207,Water Damage,Rejected,24850.41,2025-12-07,
450,379,351,20220926,Collision,Paid,5239.05,2022-09-26,2022-10-04
451,3486,347,20251125,Theft,Rejected,6212.72,2025-11-25,
452,2504,2384,20220402,Fire,Paid,6998.07,2022-04-02,2022-04-29
453,1905,67,20251127,Water Damage,Approved,8842.82,2025-11-27,2025-12-31
454,4071,456,20260108,Theft,Paid,15542.06,2026-01-08,2026-01-29
455,505,1378,20250814,Theft,Paid,3000.29,2025-08-14,2025-08-23
456,2213,2897,20240327,Storm Damage,Paid,4948.33,2024-03-27,2024-05-05
457,52,2593,20270215,Collision,Paid,7472.73,2027-02-15,2027-03-31
458,2104,336,20230206,Windscreen,Paid,6059.45,2023-02-06,2023-03-07
459,257,335,20221014,Theft,Approved,5113.51,2022-10-14,2022-11-10
460,537,325,20210706,Theft,Paid,887.57,2021-07-06,2021-07-16
461,531,2817,20220906,Trip Cancellation,Rejected,2273.38,2022-09-06,
462,2907,1308,20211019,Theft,Approved,6292.14,2021-10-19,2021-11-20
463,3348,2229,20211115,Windscreen,Paid,5889.41,2021-11-15,2021-12-22
464,2615,121,20260427,Theft,Rejected,8332.03,2026-04-27,
465,4325,2833,20220819,Storm Damage,Paid,18036.37,2022-08-19,2022-09-01
466,1679,1273,20240601,Collision,Approved,4521.26,2024-06-01,2024-06-12
467,1279,412,20230904,Fire,Open,1186.67,2023-09-04,
468,3898,252,20250611,Windscreen,Approved,7237.71,2025-06-11,2025-07-02
469,994,2837,20251205,Collision,Rejected,3363.55,2025-12-05,
470,4331,1652,20260907,Fire,Approved,21290.72,2026-09-07,2026-09-14
471,55,1410,20231009,Theft,Paid,5845.57,2023-10-09,2023-11-07
472,4361,1588,20250103,Fire,Open,1002.13,2025-01-03,
473,197,150,20260913,Baggage Loss,Approved,1360.87,2026-09-13,2026-09-26
474,3998,2923,20260326,Theft,Paid,6527.8,2026-03-26,2026-04-15
475,2370,2036,20250812,Windscreen,Paid,4611.01,2025-08-12,2025-08-28
476,4467,2284,20221016,Fire,Rejected,4257.57,2022-10-16,
477,336,1289,20270302,Trip Cancellation,Open,539.31,2027-03-02,
478,2484,196,20260626,Theft,Open,2825.85,2026-06-26,
479,4358,2812,20210907,Fire,Rejected,7486.05,2021-09-07,
480,2349,2177,20251217,Fire,Paid,4932.68,2025-12-17,2026-01-26
481,2819,169,20230124,Water Damage,Paid,23206.01,2023-01-24,2023-02-03
482,3123,1409,20270215,Storm Damage,Paid,18247.69,2027-02-15,2027-03-21
483,2040,1361,20260613,Water Damage,Paid,24475.22,2026-06-13,2026-06-21
484,2811,2597,20250516,Fire,Paid,15902.3,2025-05-16,2025-06-07
485,2621,734,20260107,Theft,Rejected,7731.44,2026-01-07,
486,4046,1729,20261102,Storm Damage,Paid,16068.65,2026-11-02,2026-12-09
487,206,692,20240106,Windscreen,Paid,6717.98,2024-01-06,2024-01-22
488,1258,807,20241215,Fire,Paid,2071.09,2024-12-15,2025-01-07
489,4273,1981,20230903,Baggage Loss,Paid,1937.78,2023-09-03,2023-10-12
490,3994,1214,20220309,Fire,Rejected,5899.79,2022-03-09,
491,4609,2944,20240304,Fire,Approved,4427.65,2024-03-04,2024-04-14
492,2779,1996,20260321,Medical,Rejected,2526.88,2026-03-21,
493,1241,740,20261207,Windscreen,Rejected,6450.26,2026-12-07,
494,841,251,20250715,Fire,Paid,4084.41,2025-07-15,2025-07-28
495,2081,331,20241108,Theft,Rejected,21811.55,2024-11-08,
496,1578,1177,20250620,Fire,Paid,1048.53,2025-06-20,2025-07-25
497,2617,2045,20230628,Theft,Paid,4741.58,2023-06-28,2023-07-16
498,353,2019,20231204,Collision,Paid,2845.52,2023-12-04,2023-12-12
499,4380,1221,20251229,Windscreen,Paid,4923.61,2025-12-29,2026-01-12
500,4437,709,20230112,Windscreen,Paid,5401.58,2023-01-12,2023-02-06
501,3132,526,20241024,Windscreen,Rejected,7093.98,2024-10-24,
502,2406,1028,20220117,Windscreen,Paid,7902.17,2022-01-17,2022-03-02
503,1382,1164,20250711,Fire,Paid,3963.33,2025-07-11,2025-07-25
504,3647,2171,20250107,Fire,Approved,11531.88,2025-01-07,2025-01-27
505,3073,1046,20241117,Theft,Paid,2233.47,2024-11-17,2024-12-02
506,733,1119,20231024,Theft,Paid,1924.03,2023-10-24,2023-12-02
507,4093,1379,20250104,Fire,Paid,8466.2,2025-01-04,2025-01-28
508,3686,1604,20231221,Collision,Paid,4832.61,2023-12-21,2024-01-06
509,4270,2451,20230422,Windscreen,Paid,4627.06,2023-04-22,2023-04-27
510,3253,2955,20250616,Windscreen,Rejected,5425.98,2025-06-16,
511,2751,1870,20261123,Theft,Paid,1995.12,2026-11-23,2027-01-01
512,1879,446,20260316,Fire,Paid,3988.92,2026-03-16,2026-04-07
513,4193,2715,20251216,Theft,Paid,3098.69,2025-12-16,2026-01-01
514,3887,1677,20210504,Theft,Approved,7420.82,2021-05-04,2021-05-25
515,205,2023,20220203,Theft,Open,4982.37,2022-02-03,
516,122,2922,20260117,Storm Damage,Paid,17256.79,2026-01-17,2026-01-25
517,1688,2840,20240725,Baggage Loss,Paid,2347.0,2024-07-25,2024-08-13
518,3633,2400,20250107,Storm Damage,Rejected,5105.29,2025-01-07,
519,4442,378,20220402,Fire,Paid,10187.51,2022-04-02,2022-04-10
520,680,374,20220604,Theft,Open,3272.34,2022-06-04,
521,2663,1683,20250425,Fire,Rejected,12683.05,2025-04-25,
522,1707,2028,20250922,Windscreen,Approved,1980.61,2025-09-22,2025-10-02
523,4361,1588,20250324,Collision,Approved,2935.78,2025-03-24,2025-04-13
524,3774,1165,20240522,Baggage Loss,Approved,2167.49,2024-05-22,2024-07-01
525,3755,2925,20231230,Collision,Approved,6802.83,2023-12-30,2024-01-22
526,2105,1060,20260417,Collision,Paid,2629.73,2026-04-17,2026-05-14
527,1866,322,20211003,Theft,Paid,9043.18,2021-10-03,2021-10-07
528,1223,1832,20221121,Windscreen,Open,6847.01,2022-11-21,
529,257,335,20230123,Theft,Approved,5268.04,2023-01-23,2023-03-08
530,3880,2903,20241112,Windscreen,Paid,3732.54,2024-11-12,2024-11-30
531,3643,2294,20240901,Medical,Rejected,159.26,2024-09-01,
532,4500,2609,20251211,Theft,Rejected,2190.7,2025-12-11,
533,4485,2047,20250208,Water Damage,Open,13620.52,2025-02-08,
534,4856,226,20241202,Fire,Approved,7228.54,2024-12-02,2025-01-10
535,3445,2031,20230108,Collision,Rejected,5288.24,2023-01-08,
536,4246,1320,20210601,Fire,Paid,3612.14,2021-06-01,2021-07-09
537,3810,2443,20220324,Theft,Paid,20663.3,2022-03-24,2022-04-04
538,1106,2014,20241107,Windscreen,Paid,2373.85,2024-11-07,2024-11-23
539,2023,2102,20221004,Windscreen,Open,1367.75,2022-10-04,
540,585,1720,20241027,Windscreen,Paid,6505.12,2024-10-27,2024-11-22
541,4288,206,20230202,Collision,Paid,4394.23,2023-02-02,2023-03-16
542,2717,1657,20261204,Baggage Loss,Paid,273.8,2026-12-04,2027-01-09
543,1018,718,20251227,Fire,Paid,472.47,2025-12-27,2026-01-17
544,3012,34,20250206,Collision,Approved,5707.21,2025-02-06,2025-03-12
545,2769,2804,20250920,Theft,Paid,3252.58,2025-09-20,2025-10-14
546,1600,2473,20240227,Storm Damage,Open,2365.74,2024-02-27,
547,515,2575,20211006,Fire,Rejected,650.67,2021-10-06,
548,3012,34,20241126,Theft,Paid,6731.87,2024-11-26,2024-12-26
549,2336,654,20230320,Windscreen,Paid,4129.42,2023-03-20,2023-04-15
550,3462,2077,20230527,Fire,Open,14282.62,2023-05-27,
551,2336,654,20230107,Windscreen,Paid,4212.79,2023-01-07,2023-02-03
552,3823,2083,20231102,Windscreen,Open,3358.43,2023-11-02,
553,2475,2983,20220713,Windscreen,Paid,4520.41,2022-07-13,2022-08-12
554,2514,1417,20260829,Windscreen,Paid,2000.37,2026-08-29,2026-09-29
555,3935,954,20221101,Theft,Approved,4982.63,2022-11-01,2022-11-25
556,1813,2782,20221102,Theft,Approved,1181.93,2022-11-02,2022-11-09
557,606,2698,20220822,Storm Damage,Paid,24610.74,2022-08-22,2022-09-28
558,132,381,20220919,Windscreen,Open,7877.28,2022-09-19,
559,3389,1018,20270307,Theft,Open,6947.16,2027-03-07,
560,2780,203,20261209,Collision,Paid,5461.3,2026-12-09,2027-01-14
561,3161,2729,20220113,Fire,Paid,2711.17,2022-01-13,2022-02-20
562,948,2726,20220813,Flight Delay,Paid,2359.62,2022-08-13,2022-09-03
563,616,709,20220518,Windscreen,Paid,2559.33,2022-05-18,2022-06-16
564,67,227,20230823,Fire,Paid,6043.8,2023-08-23,2023-09-09
565,1566,336,20241106,Fire,Paid,5340.02,2024-11-06,2024-12-14
566,2646,1856,20260124,Water Damage,Open,22130.9,2026-01-24,
567,1760,2928,20210718,Theft,Paid,955.34,2021-07-18,2021-08-08
568,1964,1846,20210415,Theft,Approved,7249.06,2021-04-15,2021-05-24
569,4060,2925,20260215,Theft,Approved,4087.42,2026-02-15,2026-03-26
570,1554,1295,20231002,Theft,Open,2007.64,2023-10-02,
571,2307,1800,20260413,Water Damage,Paid,18542.93,2026-04-13,2026-05-22
572,3513,1849,20230429,Windscreen,Open,4857.04,2023-04-29,
573,1781,925,20250910,Theft,Approved,5028.89,2025-09-10,2025-10-20
574,2787,2523,20260503,Fire,Paid,313.0,2026-05-03,2026-05-19
575,3868,1488,20240404,Windscreen,Rejected,5765.06,2024-04-04,
576,4269,2372,20220920,Collision,Rejected,7407.19,2022-09-20,
577,663,1358,20230809,Collision,Open,7416.59,2023-08-09,
578,4163,1801,20241207,Theft,Paid,1731.15,2024-12-07,2024-12-19
579,2211,1825,20240108,Theft,Approved,4459.06,2024-01-08,2024-01-30
580,1155,2900,20260705,Fire,Paid,6078.86,2026-07-05,2026-07-22
581,2060,2662,20251223,Theft,Paid,4584.25,2025-12-23,2026-01-08
582,4406,985,20231003,Storm Damage,Rejected,18717.49,2023-10-03,
583,2213,2897,20240229,Fire,Paid,7584.52,2024-02-29,2024-03-28
584,1463,1373,20270515,Collision,Paid,4925.46,2027-05-15,2027-06-13
585,2837,242,20230418,Storm Damage,Rejected,2317.73,2023-04-18,
586,1071,237,20260923,Medical,Paid,1953.37,2026-09-23,2026-10-02
587,345,1565,20260120,Windscreen,Approved,5359.41,2026-01-20,2026-03-03
588,584,1968,20220424,Trip Cancellation,Rejected,534.19,2022-04-24,
589,580,2665,20241213,Fire,Open,5997.47,2024-12-13,
590,685,1874,20270104,Windscreen,Rejected,5767.89,2027-01-04,
591,626,2127,20241220,Theft,Approved,526.86,2024-12-20,2025-02-02
592,2871,2853,20220122,Fire,Paid,22976.06,2022-01-22,2022-03-01
593,815,2811,20221224,Fire,Paid,2539.99,2022-12-24,2023-01-05
594,1542,2113,20241107,Collision,Approved,5074.09,2024-11-07,2024-11-12
595,4024,1924,20230107,Theft,Paid,2594.92,2023-01-07,2023-01-10
596,2126,1507,20221206,Water Damage,Paid,12221.09,2022-12-06,2022-12-30
597,2993,1835,20220331,Medical,Approved,2431.77,2022-03-31,2022-04-22
598,773,276,20230404,Storm Damage,Approved,1226.69,2023-04-04,2023-05-07
599,859,604,20221013,Water Damage,Paid,2177.6,2022-10-13,2022-11-27
600,185,183,20260116,Fire,Paid,413.44,2026-01-16,2026-01-23
601,760,2789,20230514,Fire,Open,6200.27,2023-05-14,
602,1247,1159,20220704,Baggage Loss,Paid,2705.81,2022-07-04,2022-07-22
603,793,82,20231001,Theft,Open,7868.09,2023-10-01,
604,403,2387,20261011,Storm Damage,Paid,5203.23,2026-10-11,2026-11-03
605,544,2027,20220227,Fire,Paid,6748.5,2022-02-27,2022-03-12
606,2068,2877,20250913,Fire,Rejected,6387.55,2025-09-13,
607,919,2257,20240112,Fire,Paid,881.79,2024-01-12,2024-02-18
608,1632,1035,20251025,Fire,Paid,5674.95,2025-10-25,2025-12-01
609,2262,2999,20260428,Windscreen,Paid,1527.11,2026-04-28,2026-05-02
610,3098,198,20260122,Fire,Paid,1592.44,2026-01-22,2026-02-28
611,178,1480,20220522,Windscreen,Rejected,694.24,2022-05-22,
612,3586,1928,20241229,Baggage Loss,Approved,2766.6,2024-12-29,2025-01-10
613,2812,2901,20211208,Windscreen,Paid,954.1,2021-12-08,2022-01-04
614,371,102,20221202,Fire,Approved,8101.6,2022-12-02,2022-12-25
615,3923,294,20260117,Collision,Open,7884.88,2026-01-17,
616,4138,1228,20221112,Fire,Rejected,20631.51,2022-11-12,
617,278,1577,20260118,Fire,Approved,12723.78,2026-01-18,2026-02-13
618,1238,1055,20250303,Fire,Approved,11946.93,2025-03-03,2025-03-27
619,3616,2791,20251223,Water Damage,Rejected,20211.27,2025-12-23,
620,3359,2584,20260426,Storm Damage,Paid,14038.8,2026-04-26,2026-04-30
621,826,2704,20221021,Storm Damage,Paid,5725.12,2022-10-21,2022-11-01
622,4820,2391,20260512,Baggage Loss,Open,921.9,2026-05-12,
623,1660,2243,20230112,Fire,Approved,21563.24,2023-01-12,2023-02-04
624,2176,2347,20231212,Fire,Paid,6036.0,2023-12-12,2023-12-28
625,2770,2973,20251124,Theft,Paid,13636.38,2025-11-24,2025-12-10
626,1653,772,20220124,Fire,Open,11000.53,2022-01-24,
627,2075,1072,20220220,Storm Damage,Approved,22449.78,2022-02-20,2022-03-18
628,3355,1288,20230324,Theft,Rejected,1505.34,2023-03-24,
629,165,2113,20260717,Windscreen,Rejected,946.73,2026-07-17,
630,1128,665,20220717,Theft,Paid,6507.33,2022-07-17,2022-08-06
631,3203,496,20251224,Theft,Rejected,6756.92,2025-12-24,
632,4017,1806,20230122,Theft,Approved,16326.6,2023-01-22,2023-02-22
633,2297,816,20221219,Water Damage,Open,24740.05,2022-12-19,
634,2390,1169,20220628,Theft,Open,7223.25,2022-06-28,
635,488,2823,20211010,Collision,Approved,4106.88,2021-10-10,2021-11-03
636,2009,754,20221101,Theft,Approved,2876.87,2022-11-01,2022-11-26
637,2391,2189,20230310,Theft,Paid,3013.26,2023-03-10,2023-04-20
638,1083,2284,20230506,Windscreen,Approved,4975.58,2023-05-06,2023-06-16
639,1203,2926,20240315,Theft,Approved,3657.16,2024-03-15,2024-04-03
640,1691,2024,20230114,Theft,Paid,5638.03,2023-01-14,2023-01-28
641,94,2029,20220310,Theft,Rejected,8506.13,2022-03-10,
642,1436,1729,20260209,Collision,Paid,6873.23,2026-02-09,2026-03-26
643,941,1630,20250213,Collision,Paid,3118.86,2025-02-13,2025-03-22
644,1458,175,20261210,Theft,Paid,3709.3,2026-12-10,2027-01-13
645,540,1739,20250403,Theft,Paid,9995.66,2025-04-03,2025-04-17
646,3995,2908,20210407,Medical,Paid,802.28,2021-04-07,2021-05-03
647,2660,816,20220106,Baggage Loss,Paid,169.86,2022-01-06,2022-01-16
648,3047,239,20220508,Theft,Rejected,2341.44,2022-05-08,
649,3539,876,20210926,Collision,Open,6452.27,2021-09-26,
650,2239,2062,20250320,Fire,Approved,14106.01,2025-03-20,2025-03-29
651,394,2881,20260508,Fire,Paid,6480.12,2026-05-08,2026-05-18
652,2410,1278,20261005,Fire,Approved,1782.72,2026-10-05,2026-11-13
653,2632,1161,20230508,Water Damage,Paid,21267.21,2023-05-08,2023-06-21
654,3346,1141,20221116,Windscreen,Rejected,1775.93,2022-11-16,
655,1937,1379,20231119,Storm Damage,Paid,2636.23,2023-11-19,2023-12-26
656,578,2586,20241204,Collision,Approved,7201.5,2024-12-04,2024-12-23
657,1270,112,20230811,Windscreen,Paid,4676.2,2023-08-11,2023-08-22
658,1627,977,20240115,Fire,Open,13396.09,2024-01-15,
659,2892,288,20221029,Water Damage,Approved,14081.82,2022-10-29,2022-11-12
660,2557,2727,20270521,Fire,Paid,3101.41,2027-05-21,2027-07-05
661,1589,2884,20211228,Windscreen,Rejected,6984.14,2021-12-28,
662,4438,1997,20241202,Collision,Paid,5719.07,2024-12-02,2025-01-14
663,2715,2777,20240803,Fire,Paid,15953.74,2024-08-03,2024-08-17
664,1057,2066,20240219,Windscreen,Rejected,766.65,2024-02-19,
665,464,232,20260121,Windscreen,Rejected,7027.56,2026-01-21,
666,689,1271,20220410,Fire,Approved,5212.17,2022-04-10,2022-04-24
667,1098,2937,20240530,Water Damage,Open,15498.87,2024-05-30,
668,4855,249,20230426,Windscreen,Paid,6663.81,2023-04-26,2023-05-21
669,836,1421,20251108,Fire,Open,243.49,2025-11-08,
670,1276,1901,20210914,Theft,Paid,286.64,2021-09-14,2021-09-29
671,777,706,20240408,Collision,Approved,3021.0,2024-04-08,2024-05-16
672,4024,1924,20221117,Theft,Rejected,5586.96,2022-11-17,
673,364,2712,20220119,Theft,Paid,5449.64,2022-01-19,2022-02-05
674,2355,2227,20230215,Collision,Paid,1313.68,2023-02-15,2023-03-06
675,1843,1812,20220723,Fire,Rejected,13692.35,2022-07-23,
676,4418,1195,20220104,Water Damage,Open,15239.51,2022-01-04,
677,509,812,20230607,Fire,Approved,2885.81,2023-06-07,2023-06-10
678,1786,1897,20260301,Theft,Paid,760.47,2026-03-01,2026-02-21
679,4358,2812,20211127,Windscreen,Paid,5967.98,2021-11-27,2022-01-01
680,3884,809,20240801,Windscreen,Paid,1863.54,2024-08-01,2024-08-07
681,3662,1955,20251224,Fire,Rejected,7785.18,2025-12-24,
682,1153,1674,20240620,Water Damage,Paid,22401.58,2024-06-20,2024-07-25
683,767,734,20250620,Collision,Approved,7409.02,2025-06-20,2025-07-27
684,2998,813,20221231,Collision,Rejected,4733.5,2022-12-31,
685,4176,685,20240923,Fire,Approved,1960.73,2024-09-23,2024-09-27
686,2497,234,20230315,Fire,Paid,7793.19,2023-03-15,2023-04-18
687,2561,213,20250220,Theft,Paid,10954.59,2025-02-20,2025-03-04
688,1254,1656,20241106,Fire,Paid,1582.27,2024-11-06,2024-12-19
689,3448,713,20230610,Theft,Rejected,4297.13,2023-06-10,
690,838,1264,20260122,Fire,Open,672.27,2026-01-22,
691,1443,1530,20251017,Fire,Paid,7742.63,2025-10-17,2025-10-28
692,1910,1337,20260801,Windscreen,Paid,4487.2,2026-08-01,2026-08-26
693,2279,1465,20260504,Fire,Paid,4262.61,2026-05-04,2026-06-11
694,1083,2284,20230317,Collision,Paid,4134.1,2023-03-17,2023-03-21
695,520,670,20240616,Collision,Open,6578.5,2024-06-16,
696,2739,806,20230214,Windscreen,Open,2038.04,2023-02-14,
697,4869,1865,20240125,Fire,Open,1958.36,2024-01-25,
698,2604,1995,20240102,Fire,Open,14719.34,2024-01-02,
699,696,2329,20231228,Fire,Paid,18091.42,2023-12-28,2024-01-05
700,2161,2905,20251208,Storm Damage,Paid,3872.21,2025-12-08,2025-12-13
701,2391,2189,20220617,Collision,Paid,2012.43,2022-06-17,2022-07-16
702,236,1431,20221124,Storm Damage,Paid,1611.56,2022-11-24,2022-12-12
703,1499,2361,20220808,Fire,Paid,1689.67,2022-08-08,2022-09-02
704,609,499,20250806,Collision,Paid,6866.97,2025-08-06,2025-08-25
705,289,1031,20211103,Medical,Paid,2983.93,2021-11-03,2021-12-05
706,4452,2719,20231115,Theft,Paid,1323.37,2023-11-15,2023-12-04
707,1437,845,20230409,Theft,Rejected,5028.41,2023-04-09,
708,3630,743,20231207,Theft,Paid,17613.07,2023-12-07,2024-01-13
709,1137,2293,20221219,Theft,Paid,6186.66,2022-12-19,2022-12-22
710,3059,1493,20250623,Baggage Loss,Paid,1150.76,2025-06-23,2025-07-24
711,3409,1166,20230119,Theft,Rejected,7966.85,2023-01-19,
712,2670,337,20230210,Water Damage,Paid,11955.02,2023-02-10,2023-02-25
713,2117,2046,20240121,Theft,Paid,3115.39,2024-01-21,2024-02-11
714,1850,2451,20220704,Collision,Paid,2477.71,2022-07-04,2022-07-18
715,1557,2002,20220705,Medical,Paid,1842.89,2022-07-05,2022-08-18
716,4176,685,20240924,Windscreen,Paid,1539.37,2024-09-24,2024-09-28
717,3722,934,20230302,Theft,Approved,1363.8,2023-03-02,2023-03-30
718,4340,1981,20240708,Windscreen,Paid,7551.89,2024-07-08,2024-08-02
719,563,2226,20260605,Trip Cancellation,Paid,1217.64,2026-06-05,2026-06-26
720,3277,1512,20251213,Fire,Paid,10091.21,2025-12-13,2025-12-25
721,4217,1454,20220327,Fire,Paid,6476.86,2022-03-27,2022-04-09
722,812,1789,20261117,Theft,Approved,2278.87,2026-11-17,2026-12-27
723,302,2584,20240709,Windscreen,Approved,3908.53,2024-07-09,2024-08-06
724,3325,2397,20250721,Windscreen,Rejected,1908.08,2025-07-21,
725,2575,1706,20250927,Fire,Rejected,1477.85,2025-09-27,
726,3772,2325,20241002,Storm Damage,Paid,3468.29,2024-10-02,2024-10-14
727,631,583,20260601,Theft,Open,7452.45,2026-06-01,
728,3565,235,20240610,Flight Delay,Paid,242.67,2024-06-10,2024-06-26
729,898,1168,20231222,Theft,Paid,6377.59,2023-12-22,2024-01-08
730,738,1982,20220721,Flight Delay,Open,1965.24,2022-07-21,
731,741,2660,20260408,Windscreen,Rejected,6528.44,2026-04-08,
732,3651,2911,20261014,Collision,Paid,6190.7,2026-10-14,2026-10-28
733,2984,1290,20251031,Fire,Rejected,5904.52,2025-10-31,
734,2349,2177,20260119,Storm Damage,Open,15015.39,2026-01-19,
735,1604,1990,20251201,Theft,Paid,6378.45,2025-12-01,2025-12-29
736,3938,465,20220711,Collision,Approved,6075.6,2022-07-11,2022-08-25
737,1761,427,20211129,Water Damage,Paid,5313.69,2021-11-29,2021-12-31
738,3660,297,20250330,Fire,Open,11926.14,2025-03-30,
739,1971,1141,20260328,Windscreen,Paid,6937.26,2026-03-28,2026-05-10
740,1690,4,20250122,Fire,Paid,4522.15,2025-01-22,2025-01-31
741,2076,1245,20230401,Trip Cancellation,Open,1180.12,2023-04-01,
742,1348,847,20250710,Fire,Approved,1915.04,2025-07-10,2025-08-12
743,3355,1288,20230203,Windscreen,Paid,6789.82,2023-02-03,2023-02-09
744,2259,135,20250327,Trip Cancellation,Approved,931.71,2025-03-27,2025-04-28
745,1034,1396,20250316,Fire,Paid,1065.43,2025-03-16,2025-04-09
746,4037,2904,20240117,Storm Damage,Approved,18976.91,2024-01-17,2024-02-05
747,1722,223,20240615,Water Damage,Approved,21345.9,2024-06-15,2024-07-25
748,2438,2923,20220727,Collision,Rejected,3226.12,2022-07-27,
749,4072,143,20241215,Collision,Paid,4448.07,2024-12-15,2025-01-26
750,2796,2756,20231024,Fire,Rejected,4409.53,2023-10-24,
751,528,1387,20260519,Fire,Paid,3732.89,2026-05-19,2026-06-18
752,4223,1180,20250605,Water Damage,Approved,21610.44,2025-06-05,2025-07-02
753,2812,2901,20210514,Collision,Paid,6365.17,2021-05-14,2021-05-17
754,1492,275,20250719,Medical,Paid,1970.84,2025-07-19,2025-08-07
755,629,1846,20210526,Trip Cancellation,Open,2353.44,2021-05-26,
756,3559,320,20231022,Windscreen,Paid,7345.35,2023-10-22,2023-11-23
757,2778,1383,20251214,Flight Delay,Approved,1811.87,2025-12-14,2025-12-17
758,2395,2062,20231001,Fire,Paid,1164.26,2023-10-01,2023-11-14
759,4010,1897,20240220,Storm Damage,Paid,10745.85,2024-02-20,2024-02-27
760,3537,1402,20250327,Collision,Paid,1222.61,2025-03-27,2025-05-10
761,685,1874,20270424,Theft,Paid,5499.56,2027-04-24,2027-05-07
762,1393,2349,20261019,Fire,Paid,2740.86,2026-10-19,2026-10-27
763,1111,969,20221106,Fire,Open,3304.35,2022-11-06,
764,3339,1744,20250501,Theft,Open,24341.85,2025-05-01,
765,153,108,20250208,Theft,Paid,1737.59,2025-02-08,2025-02-24
766,2553,2200,20231225,Windscreen,Paid,397.28,2023-12-25,2024-01-30
767,3418,2245,20260718,Collision,Paid,3750.43,2026-07-18,2026-08-15
768,3936,2568,20260101,Flight Delay,Approved,1360.99,2026-01-01,2026-01-27
769,1524,2392,20270205,Baggage Loss,Paid,1725.24,2027-02-05,2027-02-21
770,3680,1725,20250604,Fire,Rejected,401.5,2025-06-04,
771,502,2373,20231115,Water Damage,Paid,1344.73,2023-11-15,2023-12-17
772,3795,1810,20231207,Theft,Paid,20191.01,2023-12-07,2024-01-03
773,577,1884,20260417,Theft,Paid,22568.8,2026-04-17,2026-05-28
774,1784,763,20230331,Storm Damage,Approved,10333.26,2023-03-31,2023-04-07
775,3575,887,20240809,Collision,Paid,424.14,2024-08-09,2024-08-19
776,676,553,20230206,Fire,Paid,3333.44,2023-02-06,2023-03-11
777,1020,1894,20230308,Theft,Paid,307.06,2023-03-08,2023-03-22
778,3239,672,20230217,Theft,Paid,19358.36,2023-02-17,2023-03-19
779,3230,1219,20240103,Theft,Paid,8091.43,2024-01-03,2024-01-21
780,2872,837,20220906,Theft,Approved,7940.2,2022-09-06,2022-09-15
781,3115,454,20230703,Theft,Approved,5140.3,2023-07-03,2023-07-31
782,2434,2228,20251009,Collision,Open,1520.97,2025-10-09,
783,1126,244,20251010,Collision,Open,4700.77,2025-10-10,
784,1542,2113,20240212,Fire,Rejected,2799.73,2024-02-12,
785,813,319,20241203,Collision,Paid,3668.23,2024-12-03,2024-12-26
786,4081,684,20250904,Theft,Paid,3490.15,2025-09-04,2025-10-16
787,2616,2381,20260415,Medical,Rejected,2494.17,2026-04-15,
788,1802,2524,20211224,Fire,Paid,3091.76,2021-12-24,2022-01-05
789,2073,143,20220106,Theft,Paid,5750.86,2022-01-06,2022-02-20
790,4257,1835,20210317,Storm Damage,Approved,2663.78,2021-03-17,2021-03-20
791,691,1785,20211105,Windscreen,Paid,7541.01,2021-11-05,2021-12-10
792,2630,2352,20220206,Collision,Paid,3433.43,2022-02-06,2022-02-11
793,2271,2426,20230123,Collision,Open,4505.61,2023-01-23,
794,2743,151,20230704,Fire,Open,757.4,2023-07-04,
795,85,1421,20251214,Fire,Approved,16473.07,2025-12-14,2026-01-17
796,3916,1239,20260805,Fire,Paid,21933.23,2026-08-05,2026-09-04
797,4190,2253,20230105,Fire,Approved,4215.03,2023-01-05,2023-02-10
798,2532,1678,20240429,Collision,Paid,1309.46,2024-04-29,2024-06-09
799,3127,923,20240323,Fire,Open,5019.55,2024-03-23,
800,4146,2357,20210705,Fire,Paid,2796.47,2021-07-05,2021-08-19
